﻿<?xml version="1.0" encoding="utf-8" standalone="no"?>
<modDesc descVersion="62">
    <author>Aaa modding</author>
    <version>1.2.0.0</version>
    <title>
        <en>FS 19 HW80 Trailer Pack</en>
        <de>FS 19 HW80 Anhänger Pack</de>
    </title>
    <description>
        <en><![CDATA[HW80 package includes:
Hw80.11 Capacity: 11000 l
Hw80.11 PF20 Capacity: 20000 l
Hw80.11 SHA 8 Capacity: 18000 l
Update 1.1.0.0:
-fix log errors
-Color choice extended
Update 1.2.0.0:
-fix log errors
-add cover]]></en>
        <de><![CDATA[Das HW80 Paket entält:
Hw80.11 Kapazität: 11000 l
Hw80.11 PF20 Kapazität: 20000 l
Hw80.11 SHA 8 Kapazität: 18000 l
Update 1.1.0.0:
-Behebung von Protokollfehlern
-Farbwahl erweitert
Update 1.2.0.0:
-Behebung von Protokollfehlern
-Cover hinzufügen]]></de>
    </description>
    <iconFilename>hw_icon.png</iconFilename>
    <multiplayer supported="true"/>
    <storeItems>
        <storeItem xmlFilename="HW80/HW_80.xml"/>
        <storeItem xmlFilename="HW80/HW_80_PF18.xml"/>
        <storeItem xmlFilename="HW80/HW_80_PF20.xml"/>
    </storeItems>
    <l10n>
        <text name="Left">
            <en>Active Side: Left</en>
            <de>Aktive Seite: Links</de>
            <hu>Aktív Oldal: Bal</hu>
        </text>
        <text name="Right">
            <en>Active Side: Right</en>
            <de>Aktive Seite: Rechts</de>
            <hu>Aktív Oldal: Jobb</hu>
        </text>
    </l10n>
    <brandColors>
        <color name="HW_GREY1" value="0.2 0.3 0.4 1"/>
        <color name="HW_GREY2" value="0.1 0.15 0.18 1"/>
        <color name="HW_BLUE" value="0.0 0.2 0.45 1"/>
        <color name="HW_GREEN" value="0.3 0.8 0.0 1"/>
        <color name="HW_DARK" value="0.02 0.02 0.02 1"/>
        <color name="HW_GREEN1" value="0.328 0.617 0.479 1"/>
    </brandColors>
</modDesc>
