<?xml version="1.0" encoding="utf-8" standalone="no" ?>
<wheel>
    <default>
        <physics radius="0.783" width="0.54" mass="0.202" tireType="mud" frictionScale="1.60" maxLongStiffness="9" maxLatStiffness="110" maxLatStiffnessLoad="2" />
        <tire filename="$data/shared/wheels/trelleborg/TM800/R34_TM800.i3d" nodeLeft="1|0" nodeRight="1|0" maxDeformation="0.07" isCareWheel="false" tireTrackAtlasIndex="0" />
        <outerRim filename="$data/shared/wheels/rims/rim001.i3d" node="1|0" widthAndDiam="16 34" />
        <innerRim filename="$data/shared/wheels/rims/rim001.i3d" nodeLeft="3|0" nodeRight="3|1" widthAndDiam="16 34" />
    </default>
    <configurations>
        <configuration id="weight3" >
            <additional filename="$data/shared/wheels/weights/weight003.i3d" nodeLeft="0|0" nodeRight="0|1" offset="0.05" scale="0.4 0.7 0.7" mass="0.6" />
        </configuration>
        <configuration id="kn200" >
            <additional filename="wheels/kock_sohn_kn200/kn200.i3d" nodeLeft="0|0" nodeRight="0|1" offset="0.03" scale="0.8 1 1" mass="0.15" />
        </configuration>
    </configurations>
</wheel>
