<?xml version="1.0" encoding="utf-8" standalone="no" ?>
<wheel>
    <default>
        <physics radius="0.823" width="0.6" mass="0.229" tireType="mud" frictionScale="1.60" maxLongStiffness="10" maxLatStiffness="120" maxLatStiffnessLoad="2" />
        <tire filename="wheels/michelin_xm108/michelinxm108.i3d" nodeLeft="0|1" nodeRight="0|1" maxDeformation="0.078" isCareWheel="false" tireTrackAtlasIndex="0" />
        <outerRim filename="wheels/michelin_xm108/newrims.i3d" node="1|0" widthAndDiam="18 34" />
        <innerRim filename="wheels/michelin_xm108/newrims.i3d" nodeLeft="2|0" nodeRight="2|1" scale="1 0.821 0.821" />
    </default>
    <configurations>
        <configuration id="weight3" >
            <additional filename="$data/shared/wheels/weights/weight003.i3d" nodeLeft="0|0" nodeRight="0|1" offset="0.05" scale="0.45 0.7 0.7" mass="0.6" />
        </configuration>
        <configuration id="kn200" >
            <additional filename="wheels/kock_sohn_kn200/kn200.i3d" nodeLeft="0|0" nodeRight="0|1" offset="0.03" scale="1 1 1" mass="0.15" />
        </configuration>
    </configurations>
</wheel>
