﻿  <?xml version="1.0" encoding="utf-8" standalone="no" ?>
<modDesc descVersion="62 ">
    <author>Cayman</author>
    <version>1.0.0.0</version>
    <title>
        <en>Fendt Farmer 300Ci</en>
        <de>Fendt Farmer 300Ci</de>
    </title>
    <description>
        <en>
            <![CDATA[Fendt Farmer 300Ci
            
Price: 56.200€
Power: 80-105HP

- all FS19 Functions
- animated and illuminated interior
- front linkage configuration 
- GPS configuration
- doors and windows can be opened with SimpleIC
- beaconlight and warning signs configurable and foldable from the outside with SimpleIC
- front fenders can be removed from the outside with SimpleIC
- with Ctrl + F you can switch between normal light and top spotlights
- RMT installed

SimpleIC, RMT from Modelleicher and GPS from Wopster are required for the full range of functions!

]]>
        </en>
        <de>
            <![CDATA[Fendt Farmer 300Ci
            
Preis: 56.200€
Leistung: 80-105PS

- alle Standard LS19 Funktionen
- animierter und beleuchteter Innenraum
- Frontkraftheber konfigurierbar
- GPS konfigurierbar
- Türen und Fenster lassen sich mit SimpleIC öffnen
- Rundumleuchte und Warnschilder konfigurierbar und von Außen mit SimpleIC klappbar
- Vorderradkotflügel von Außen mit SimpleIC abbaubar
- mit Strg+F kann zwischen normalem Licht und Topscheinwerfern umgeschaltet werden
- RMT verbaut

Für den vollen Funktionsumfang wird SimpleIC, RMT von Modelleicher und GPS von Wopster benötigt!

]]>
        </de>
    </description>
    <iconFilename>icon_farmer300Ci.dds</iconFilename>
    <multiplayer supported="true" />
	
    <vehicleTypes>
		<type name="farmer300Ci" className="Vehicle" filename="$dataS/scripts/vehicles/Vehicle.lua"  parent="baseDrivable"/>
	</vehicleTypes>
	
	<storeItems>
		<storeItem xmlFilename="farmer300Ci.xml"/>
    </storeItems>
	
	<l10n>
		<text name="configuration_front_hydraulic">
			<en>with front hydraulic</en>
			<de>mit Frontkraftheber</de>
		</text>
		<text name="configuration_valueWheel_kn200">
			<en>Kock und Sohn KN200</en>
			<de>Kock und Sohn KN200</de>
		</text>
		<text name="with_meGPS">
			<en>ME TrackGuide 3</en>
			<de>ME TrackGuide 3</de>
		</text>
		<text name="with_jdGPS">
			<en>John Deere StarFire 6000</en>
			<de>John Deere StarFire 6000</de>
		</text>
		<text name="without_GPS">
			<en>without GPS</en>
			<de>ohne GPS</de>
		</text>
		<text name="beaconLightLeft">
			<en>Beaconlight Left</en>
			<de>RUL Links</de>
		</text>
		<text name="warningSign">
			<en>Warning signs</en>
			<de>Warnschilder</de>
		</text>
		<text name="beaconLightLeftWarningSign">
			<en>BL Left + Warning signs</en>
			<de>RUL Links + Warnschilder</de>
		</text>
		<text name="black">
			<en>BLACK</en>
			<de>SCHWARZ</de>
		</text>
		<text name="white">
			<en>WHITE</en>
			<de>WEIß</de>
		</text>
		<text name="communal">
			<en>COMMUNAL</en>
			<de>KOMMUNAL</de>
		</text>
		<text name="red">
			<en>FENDT RED</en>
			<de>FENDT ROT</de>
		</text>
		<text name="biege">
			<en>FENDT BIEGE</en>
			<de>FENDT BEIGE</de>
		</text>
	</l10n>
</modDesc>
