<?xml version="1.0" encoding="utf-8" standalone="no" ?>
<sounds>
    <motorStart template="DEFAULT_MOTOR_START" file="sounds/farmer300_start.wav" linkNode="0>"/>
    <motorStop template="DEFAULT_MOTOR_STOP" file="$data/sounds/vehicles/engine/fiat_1300dt/fiat_1300dt_stop.wav" linkNode="0>"/>
    <motor template="DEFAULT_MOTOR_IDLE" file="sounds/farmer300_idle.wav" linkNode="0>"/>
	<motor file="$data/sounds/vehicles/engine/new_holland_t5/new_holland_t5_run_loop.wav" linkNode="0>" innerRadius="45.0" outerRadius="100.0">
		<pitch indoor="1" outdoor="1.0" >
            <modifier type="MOTOR_RPM" value="0.0" modifiedValue="0.1" />
            <modifier type="MOTOR_RPM" value="1.00" modifiedValue="1.00" />
        </pitch>	
        <volume indoor="0.77" outdoor="1" >
            <modifier type="MOTOR_RPM" value="0.00" modifiedValue="0.00" />
            <modifier type="MOTOR_RPM" value="0.80" modifiedValue="1.00" />
            <modifier type="MOTOR_LOAD" value="0.0" modifiedValue="1.2" />
            <modifier type="MOTOR_LOAD" value="1.0" modifiedValue="0.00" />
        </volume>
	</motor>
	<motor file="sounds/farmer300_load.wav" linkNode="0>" innerRadius="45.0" outerRadius="100.0" >
		<pitch indoor="1" outdoor="1.0" >
            <modifier type="MOTOR_RPM" value="0.0" modifiedValue="0.5" />
            <modifier type="MOTOR_RPM" value="1.00" modifiedValue="1.25" />
        </pitch>	
        <volume indoor="0.7" outdoor="1.0" >
            <modifier type="MOTOR_LOAD" value="0.0" modifiedValue="0.00" />
			<modifier type="MOTOR_LOAD" value="0.1" modifiedValue="0.4" />
            <modifier type="MOTOR_LOAD" value="1.0" modifiedValue="1.1" />
        </volume>
		<lowpassGain indoor="1.0" outdoor="1.0" >
		      <modifier type="MOTOR_LOAD" value="0.0" modifiedValue="1" />
		      <modifier type="MOTOR_LOAD" value="1.0" modifiedValue="0.8" />
		      <modifier type="MOTOR_RPM" value="0.0" modifiedValue="0.0" />			  
		      <modifier type="MOTOR_RPM" value="1.0" modifiedValue="1.0" />
		</lowpassGain>
    </motor>	
    <gearbox file="sounds/farmer300_transmission.wav" linkNode="0>" innerRadius="5.0" outerRadius="80.0" >
		<volume indoor="0.3" outdoor="0.65" >
			<modifier type="SPEED" value="0.0" modifiedValue="0.0" />
            <modifier type="SPEED" value="43.0" modifiedValue="1.0" />
            <modifier type="SUSPENSION" value="-1.0" modifiedValue="0.9" />
            <modifier type="SUSPENSION" value="-0.05" modifiedValue="0.95" />
            <modifier type="SUSPENSION" value="0" modifiedValue="1.0" />
            <modifier type="SUSPENSION" value="0.05" modifiedValue="0.95" />
            <modifier type="SUSPENSION" value="1.0" modifiedValue="0.9" />
            <modifier type="MOTOR_RPM" value="0.0" modifiedValue="0.00" />
            <modifier type="MOTOR_RPM" value="0.35" modifiedValue="1.00" />
		</volume>
		<pitch indoor="1.0" outdoor="1.0" >
			<modifier type="SPEED" value="0.0" modifiedValue="0.8" />
            <modifier type="SPEED" value="43.0" modifiedValue="1.2" />
            <modifier type="SUSPENSION" value="-1.0" modifiedValue="1.05" />
            <modifier type="SUSPENSION" value="-0.05" modifiedValue="1.02" />
            <modifier type="SUSPENSION" value="0" modifiedValue="1.0" />
            <modifier type="SUSPENSION" value="0.05" modifiedValue="0.98" />
            <modifier type="SUSPENSION" value="1.0" modifiedValue="0.95" />
		</pitch>
		<lowpassGain indoor="0.5" outdoor="1.0" />
   </gearbox>
    <retarder template="DEFAULT_RETARDER" file="$data/sounds/vehicles/retarder/retarder_loop_02.wav" linkNode="0>"/>
    <airCompressorStart template="BRAKE_COMPRESSOR_START" linkNode="0>"/>
    <airCompressorStop template="BRAKE_COMPRESSOR_STOP" linkNode="0>"/>
    <airCompressorRun template="BRAKE_COMPRESSOR_RUN" linkNode="0>"/>
    <compressedAir template="BRAKE_SMALL" linkNode="0>"/>
    <airRelease template="BRAKE_REGULATOR_VALVE" linkNode="0>"/>
</sounds>