﻿<?xml version="1.0" encoding="utf-8" standalone="no"?>
<vehicle type="trailer">
    <annotation>Copyright (C) GIANTS Software GmbH, All Rights Reserved.</annotation>
    <storeData>
        <name>
            <en>HW-80.11</en></name>
        <functions>
            <function>$l10n_function_tipper</function>
        </functions>
        <image>Store_HW_80.png</image>
        <price>4957</price>
        <lifetime>600</lifetime>
        <rotation>0</rotation>
        <brand>FORTSCHRITT</brand>
        <category>trailers</category>
        <vertexBufferMemoryUsage>1754184</vertexBufferMemoryUsage>
        <indexBufferMemoryUsage>316404</indexBufferMemoryUsage>
        <textureMemoryUsage>17214384</textureMemoryUsage>
        <instanceVertexBufferMemoryUsage>0</instanceVertexBufferMemoryUsage>
        <instanceIndexBufferMemoryUsage>0</instanceIndexBufferMemoryUsage>
    </storeData>
    <base>
        <typeDesc>$l10n_typeDesc_tipper</typeDesc>
        <filename>HW80/HW80.i3d</filename>
        <size width="3" length="8" lengthOffset="0.0"/>
        <components>
            <component centerOfMass="0 0.7 0" solverIterationCount="10" mass="1830"/>
            <component centerOfMass="0 0 0.4" solverIterationCount="10" mass="1300"/>
            <component solverIterationCount="10" mass="300"/>
            <joint component1="1" component2="2" node="0>5" rotLimit="0 120 0" transLimit="0 0 0"/>
            <joint component1="2" component2="3" node="1>4" rotLimit="0 0 0" transLimit="0 0 0"/>
        </components>
        <schemaOverlay attacherJointPosition="0 0">
            <default name="DEFAULT_IMPLEMENT"/>
            <selected name="DEFAULT_IMPLEMENT_SELECTED"/>
        </schemaOverlay>
    </base>
    <baseMaterial>
        <material name="HW80_mat1" baseNode="0>2|7|0">
            <shaderParameter name="colorMat0" material="6" value="HW_GREY1"/>
        </material>
        <material name="Attacher_mat" baseNode="0>2|9">
            <shaderParameter name="colorMat0" material="6" value="HW_GREY1"/>
        </material>
        <material name="HW80_mat" baseNode="0>3|0|0|17|0">
            <shaderParameter name="colorMat0" material="6" value="HW_GREY1"/>
        </material>
        <material name="PF_20_mat" baseNode="0>3|0|0|19|0">
            <shaderParameter name="colorMat0" value="HW_GREY1"/>
        </material>
    </baseMaterial>
    <configurationSets>
        <configurationSet name="$l10n_configuration_valueLoadingWagon">
            <configuration name="tensionBelts" index="2"/>
            <configuration name="fillVolume" index="4"/>
            <configuration name="fillUnit" index="1"/>
            <configuration name="trailer" index="2"/>
            <configuration name="cover" index="1"/>
        </configurationSet>
        <configurationSet name="$l10n_configuration_capacityX" params="11000" isDefault="true">
            <configuration name="tensionBelts" index="1"/>
            <configuration name="fillVolume" index="2"/>
            <configuration name="fillUnit" index="2"/>
            <configuration name="trailer" index="2"/>
            <configuration name="cover" index="1"/>
        </configurationSet>
        <configurationSet name="$l10n_configuration_capacityX" params="11000">
            <configuration name="tensionBelts" index="1"/>
            <configuration name="fillVolume" index="2"/>
            <configuration name="fillUnit" index="2"/>
            <configuration name="trailer" index="2"/>
            <configuration name="cover" index="2"/>
        </configurationSet>
        <configurationSet name="$l10n_configuration_capacityX" params="15000">
            <configuration name="tensionBelts" index="1"/>
            <configuration name="fillVolume" index="3"/>
            <configuration name="fillUnit" index="3"/>
            <configuration name="trailer" index="2"/>
            <configuration name="cover" index="1"/>
        </configurationSet>
        <configurationSet name="$l10n_configuration_capacityX" params="15000">
            <configuration name="tensionBelts" index="1"/>
            <configuration name="fillVolume" index="3"/>
            <configuration name="fillUnit" index="4"/>
            <configuration name="trailer" index="2"/>
            <configuration name="cover" index="1"/>
        </configurationSet>
    </configurationSets>
    <baseMaterialConfigurations useDefaultColors="true" defaultColorIndex="0" price="500">
        <baseMaterialConfiguration material="6" name="Grey" color="HW_GREY1"/>
        <baseMaterialConfiguration material="6" name="Grey1" color="HW_GREY2"/>
        <baseMaterialConfiguration material="6" name="Blue" color="HW_BLUE"/>
        <baseMaterialConfiguration material="6" name="Green1" color="FORTSCHRITT_GREEN"/>
        <baseMaterialConfiguration material="6" name="Green2" color="HW_GREEN"/>
        <baseMaterialConfiguration material="0" name="Green3" color="FARMTECH_GREEN1"/>
        <material name="HW80_mat" shaderParameter="colorMat0"/>
        <material name="PF_20_mat" shaderParameter="colorMat0"/>
    </baseMaterialConfigurations>
    <designMaterialConfigurations price="500" useDefaultColors="true" defaultColorIndex="0">
        <designMaterialConfiguration name="grey" color="HW_GREY1"/>
        <designMaterialConfiguration name="grey1" color="HW_GREY2"/>
        <designMaterialConfiguration name="blue" color="HW_BLUE"/>
        <designMaterialConfiguration name="Red" color="FORTSCHRITT_RED"/>
        <designMaterialConfiguration name="black" color="HW_DARK"/>
        <material name="HW80_mat1" shaderParameter="colorMat0"/>
        <material name="Attacher_mat" shaderParameter="colorMat0"/>
    </designMaterialConfigurations>
    <rimColorConfigurations useDefaultColors="true">
        <rimColorConfiguration name="grey" color="HW_GREY1"/>
        <rimColorConfiguration name="grey1" color="HW_GREY2"/>
        <rimColorConfiguration name="Red" color="FORTSCHRITT_RED" material="6"/>
        <rimColorConfiguration name="black" color="HW_DARK"/>
        <rimColorConfiguration name="STAINLESS" color="0.6 0.6 0.6 1" material="8"/>
        <colorNode node="1>0"/>
    </rimColorConfigurations>
    <wheels>
        <wheelConfigurations>
            <wheelConfiguration name="$l10n_configuration_valueDefault" price="1000">
                <wheels>
                    <wheel filename="Tires/HW_Wheels.xml" configId="u27" isLeft="true" hasTireTracks="true" hasParticles="true">
                        <physics tipOcclusionAreaGroupId="1" restLoad="0.7" repr="0>0" driveNode="0>0|0" forcePointRatio="0.2" initialCompression="25" suspTravel="0.15" spring="30" damper="30" transRatio="1"/>
                        <wheelChock parkingNode="0>2|4|0"/>
                        <wheelChock parkingNode="0>2|4|1" isInverted="true"/>
                    </wheel>
                    <wheel filename="Tires/HW_Wheels.xml" configId="u27" isLeft="false" hasTireTracks="true" hasParticles="true">
                        <physics tipOcclusionAreaGroupId="1" restLoad="0.7" repr="0>1" driveNode="0>1|0" forcePointRatio="0.2" initialCompression="25" suspTravel="0.15" spring="30" damper="30" transRatio="1"/>
                    </wheel>
                    <wheel filename="Tires/HW_Wheels.xml" configId="u27" isLeft="true" hasTireTracks="true" hasParticles="true">
                        <physics tipOcclusionAreaGroupId="1" restLoad="1.3" repr="1>0" driveNode="1>0|0" forcePointRatio="0.3" initialCompression="25" suspTravel="0.15" spring="30" damper="30" transRatio="1"/>
                    </wheel>
                    <wheel filename="Tires/HW_Wheels.xml" configId="u27" isLeft="false" hasTireTracks="true" hasParticles="true">
                        <physics tipOcclusionAreaGroupId="1" restLoad="1.3" repr="1>1" driveNode="1>1|0" forcePointRatio="0.3" initialCompression="25" suspTravel="0.15" spring="30" damper="30" transRatio="1"/>
                    </wheel>
                </wheels>
            </wheelConfiguration>
            <wheelConfiguration name="T 16/70R20" price="1500" icon="$dataS2/menu/hud/configurations/config_wheel_broad.png">
                <wheels>
                    <wheel filename="Tires/HW_Wheels.xml" configId="tau" isLeft="true" hasTireTracks="true" hasParticles="true">
                        <physics tipOcclusionAreaGroupId="1" restLoad="0.7" repr="0>0" driveNode="0>0|0" forcePointRatio="0.2" initialCompression="25" suspTravel="0.15" spring="15" damper="20" transRatio="1"/>
                        <wheelChock parkingNode="0>2|4|0"/>
                        <wheelChock parkingNode="0>2|4|1" isInverted="true"/>
                    </wheel>
                    <wheel filename="Tires/HW_Wheels.xml" configId="tau" isLeft="false" hasTireTracks="true" hasParticles="true">
                        <physics tipOcclusionAreaGroupId="1" restLoad="0.7" repr="0>1" driveNode="0>1|0" forcePointRatio="0.2" initialCompression="25" suspTravel="0.15" spring="15" damper="20" transRatio="1"/>
                    </wheel>
                    <wheel filename="Tires/HW_Wheels.xml" configId="tau" isLeft="true" hasTireTracks="true" hasParticles="true">
                        <physics tipOcclusionAreaGroupId="1" restLoad="1.3" repr="1>0" driveNode="1>0|0" forcePointRatio="0.3" initialCompression="25" suspTravel="0.15" spring="30" damper="20" transRatio="1"/>
                    </wheel>
                    <wheel filename="Tires/HW_Wheels.xml" configId="tau" isLeft="false" hasTireTracks="true" hasParticles="true">
                        <physics tipOcclusionAreaGroupId="1" restLoad="1.3" repr="1>1" driveNode="1>1|0" forcePointRatio="0.3" initialCompression="25" suspTravel="0.15" spring="30" damper="20" transRatio="1"/>
                    </wheel>
                </wheels>
            </wheelConfiguration>
            <wheelConfiguration name="P 16/70R20 L60" price="1500" icon="$dataS2/menu/hud/configurations/config_wheel_broad.png">
                <wheels>
                    <wheel filename="Tires/HW_Wheels.xml" configId="l60" isLeft="true" hasTireTracks="true" hasParticles="true">
                        <physics tipOcclusionAreaGroupId="1" restLoad="0.7" repr="0>0" driveNode="0>0|0" forcePointRatio="0.2" initialCompression="25" suspTravel="0.15" spring="15" damper="20" transRatio="1"/>
                        <wheelChock parkingNode="0>2|4|0"/>
                        <wheelChock parkingNode="0>2|4|1" isInverted="true"/>
                    </wheel>
                    <wheel filename="Tires/HW_Wheels.xml" configId="l60" isLeft="false" hasTireTracks="true" hasParticles="true">
                        <physics tipOcclusionAreaGroupId="1" restLoad="0.7" repr="0>1" driveNode="0>1|0" forcePointRatio="0.2" initialCompression="25" suspTravel="0.15" spring="15" damper="20" transRatio="1"/>
                    </wheel>
                    <wheel filename="Tires/HW_Wheels.xml" configId="l60" isLeft="true" hasTireTracks="true" hasParticles="true">
                        <physics tipOcclusionAreaGroupId="1" restLoad="1.3" repr="1>0" driveNode="1>0|0" forcePointRatio="0.3" initialCompression="25" suspTravel="0.15" spring="30" damper="20" transRatio="1"/>
                    </wheel>
                    <wheel filename="Tires/HW_Wheels.xml" configId="l60" isLeft="false" hasTireTracks="true" hasParticles="true">
                        <physics tipOcclusionAreaGroupId="1" restLoad="1.3" repr="1>1" driveNode="1>1|0" forcePointRatio="0.3" initialCompression="25" suspTravel="0.15" spring="30" damper="20" transRatio="1"/>
                    </wheel>
                </wheels>
            </wheelConfiguration>
            <wheelConfiguration name="P 16/70R20" price="1300" icon="$dataS2/menu/hud/configurations/config_wheel_broad.png">
                <wheels>
                    <wheel filename="Tires/HW_Wheels.xml" configId="r20" isLeft="true" hasTireTracks="true" hasParticles="true">
                        <physics tipOcclusionAreaGroupId="1" restLoad="0.7" repr="0>0" driveNode="0>0|0" forcePointRatio="0.2" initialCompression="25" suspTravel="0.15" spring="15" damper="20" transRatio="1"/>
                        <wheelChock parkingNode="0>2|4|0"/>
                        <wheelChock parkingNode="0>2|4|1" isInverted="true"/>
                    </wheel>
                    <wheel filename="Tires/HW_Wheels.xml" configId="r20" isLeft="false" hasTireTracks="true" hasParticles="true">
                        <physics tipOcclusionAreaGroupId="1" restLoad="0.7" repr="0>1" driveNode="0>1|0" forcePointRatio="0.2" initialCompression="25" suspTravel="0.15" spring="15" damper="20" transRatio="1"/>
                    </wheel>
                    <wheel filename="Tires/HW_Wheels.xml" configId="r20" isLeft="true" hasTireTracks="true" hasParticles="true">
                        <physics tipOcclusionAreaGroupId="1" restLoad="1.3" repr="1>0" driveNode="1>0|0" forcePointRatio="0.3" initialCompression="25" suspTravel="0.15" spring="30" damper="20" transRatio="1"/>
                    </wheel>
                    <wheel filename="Tires/HW_Wheels.xml" configId="r20" isLeft="false" hasTireTracks="true" hasParticles="true">
                        <physics tipOcclusionAreaGroupId="1" restLoad="1.3" repr="1>1" driveNode="1>1|0" forcePointRatio="0.3" initialCompression="25" suspTravel="0.15" spring="30" damper="20" transRatio="1"/>
                    </wheel>
                </wheels>
            </wheelConfiguration>
            <wheelConfiguration name="$l10n_configuration_valueWheelNarrow" price="2000" icon="$dataS2/menu/hud/configurations/config_wheel_broad.png">
                <wheels>
                    <wheel filename="Tires/HW_Wheels_Narrow.xml" isLeft="true" hasTireTracks="true" hasParticles="true">
                        <physics tipOcclusionAreaGroupId="1" restLoad="0.7" repr="0>0" driveNode="0>0|0" forcePointRatio="0.2" initialCompression="25" suspTravel="0.15" spring="15" damper="20" transRatio="1"/>
                        <wheelChock parkingNode="0>2|4|0"/>
                        <wheelChock parkingNode="0>2|4|1" isInverted="true"/>
                    </wheel>
                    <wheel filename="Tires/HW_Wheels_Narrow.xml" isLeft="false" hasTireTracks="true" hasParticles="true">
                        <physics tipOcclusionAreaGroupId="1" restLoad="0.7" repr="0>1" driveNode="0>1|0" forcePointRatio="0.2" initialCompression="25" suspTravel="0.15" spring="15" damper="20" transRatio="1"/>
                    </wheel>
                    <wheel filename="Tires/HW_Wheels_Narrow.xml" isLeft="true" hasTireTracks="true" hasParticles="true">
                        <physics tipOcclusionAreaGroupId="1" restLoad="1.3" repr="1>0" driveNode="1>0|0" forcePointRatio="0.3" initialCompression="25" suspTravel="0.15" spring="30" damper="20" transRatio="1"/>
                    </wheel>
                    <wheel filename="Tires/HW_Wheels_Narrow.xml" isLeft="false" hasTireTracks="true" hasParticles="true">
                        <physics tipOcclusionAreaGroupId="1" restLoad="1.3" repr="1>1" driveNode="1>1|0" forcePointRatio="0.3" initialCompression="25" suspTravel="0.15" spring="30" damper="20" transRatio="1"/>
                    </wheel>
                </wheels>
                <objectChange node="0>2|5|1" visibilityActive="true" visibilityInactive="false"/>
                <objectChange node="0>2|5|0" visibilityActive="false" visibilityInactive="true"/>
            </wheelConfiguration>
        </wheelConfigurations>
        <dynamicallyLoadedWheels>
            <dynamicallyLoadedWheel linkNode="0>2|5|1" filename="Tires/HW_Wheels_Narrow.xml" isLeft="true"/>
            <dynamicallyLoadedWheel linkNode="0>2|5|0" filename="Tires/HW_Wheels.xml" isLeft="true" configId="tau"/>
        </dynamicallyLoadedWheels>
    </wheels>
    <connectionHoses>
        <target attacherJointIndices="1 2 3" type="airDoubleRed" node="0>7|0" socket="air_red"/>
        <target attacherJointIndices="1 2 3" type="electric" node="0>7|2" socket="electric"/>
        <target attacherJointIndices="1 2 3" type="hydraulicIn" node="0>7|1" socket="hydraulic01"/>
        <hose inputAttacherJointIndices="1" type="airDoubleRed" node="2>4|1" length="1" diameter="0.025" straighteningFactor="0.5">
            <objectChange node="2>4|0" visibilityActive="false" visibilityInactive="true"/>
        </hose>
        <hose inputAttacherJointIndices="1" type="hydraulicIn" node="2>5|1" length="1" diameter="0.025" straighteningFactor="0.5">
            <objectChange node="2>5|0" visibilityActive="false" visibilityInactive="true"/>
        </hose>
        <hose inputAttacherJointIndices="1" type="electric" node="2>6|1" length="1" diameter="0.01" straighteningFactor="1.5">
            <objectChange node="2>6|0" visibilityActive="false" visibilityInactive="true"/>
        </hose>
    </connectionHoses>
    <attachable>
        <inputAttacherJoints>
            <inputAttacherJoint node="2>0" jointType="trailer" rootNode="2>" attacherHeight="0.874"/>
        </inputAttacherJoints>
        <brakeForce>0.45</brakeForce>
        <support animationName="moveSupport"/>
    </attachable>
    <attacherJoints>
        <attacherJoint node="0>4" jointType="trailer" lowerRotLimit="10 55 55" upperRotationOffset="0" allowsJointLimitMovement="false" canTurnOnImplement="false">
            <schema position="1 0" rotation="0" invertX="false"/>
        </attacherJoint>
        <sounds>
            <attach template="ATTACH_01" linkNode="0>"/>
        </sounds>
    </attacherJoints>
    <lights>
        <sharedLight linkNode="0>2|2|3|0" filename="$data/shared/assets/lights/lizard/rear3ChamberLight_01_left.xml"/>
        <sharedLight linkNode="0>2|2|3|1" filename="$data/shared/assets/lights/lizard/rear3ChamberLight_01_right.xml"/>
        <sharedLight linkNode="0>2|2|3|2" filename="$data/shared/assets/reflectors/lizard/redTriangle_01.xml"/>
        <sharedLight linkNode="0>2|2|3|3" filename="$data/shared/assets/reflectors/lizard/redTriangle_01.xml"/>
        <realLights>
            <high>
                <light node="0>2|2|1|1" lightTypes="0"/>
                <turnLightLeft node="0>2|2|2|0|1"/>
                <turnLightRight node="0>2|2|2|1|1"/>
                <brakeLight node="0>2|2|1|1"/>
            </high>
        </realLights>
        <defaultLights>
            <defaultLight shaderNode="0>3|0|0|14|0|0" lightTypes="0 3"/>
        </defaultLights>
    </lights>
    <animations>
        <animation name="tipAnimationLeft">
            <part node="0>3|0|0|16|2" startTime="0.0" endTime="1" startRot="0 0 0" endRot="0 0 47"/>
            <part node="0>3" startTime="1" endTime="2" startRot="0 0 0" endRot="0 0 -6.572"/>
            <part node="0>3" startTime="2" endTime="8" startRot="0 0 -6.572" endRot="0 0 -45"/>
            <part node="0>3|0|0|0|0" startTime="1" endTime="2" startRot="0 0 0" endRot="0 0 -47.122"/>
            <part node="0>3|0|0|0|0" startTime="2" endTime="8" startRot="0 0 -47.122" endRot="0 0 -94.244"/>
            <part node="0>3|0|0|0|1" startTime="1" endTime="8" startRot="0 0 0" endRot="0 0 50.0"/>
            <part node="0>3|0|0|16|0" startTime="1" endTime="2" startRot="0 0 0" endRot="0 0 15.251"/>
            <part node="0>3|0|0|16|0" startTime="2" endTime="8" startRot="0 0 15.251" endRot="0 0 35.208"/>
            <part node="0>3|0|0|16|0|0" startTime="1" endTime="2" startRot="0 0 0" endRot="0 0 -42.898"/>
            <part node="0>3|0|0|16|0|0" startTime="2" endTime="8" startRot="0 0 -42.898" endRot="0 0 -111.11"/>
            <part node="0>3|0|0|8|0" startTime="0.8" endTime="8" startRot="0 -90 0" endRot="50 -90 0"/>
        </animation>
        <animation name="tipAnimationRight">
            <part node="0>3|0|0|16|3" startTime="0.0" endTime="0.8" startRot="0 0 0" endRot="0 0 -47"/>
            <part node="0>3|0" startTime="0.8" endTime="2" startRot="0 0 0" endRot="0 0 6.572"/>
            <part node="0>3|0" startTime="2" endTime="8" startRot="0 0 6.572" endRot="0 0 45"/>
            <part node="0>3|0|0|1|0" startTime="0.8" endTime="2" startRot="0 0 0" endRot="0 0 47.122"/>
            <part node="0>3|0|0|1|0" startTime="2" endTime="8" startRot="0 0 47.122" endRot="0 0 94.244"/>
            <part node="0>3|0|0|1|1" startTime="0.8" endTime="8" startRot="0 0 0" endRot="0 0 -50"/>
            <part node="0>3|0|0|16|1" startTime="0.8" endTime="2" startRot="0 0 0" endRot="0 0 -15.251"/>
            <part node="0>3|0|0|16|1" startTime="2" endTime="8" startRot="0 0 -15.251" endRot="0 0 -35.208"/>
            <part node="0>3|0|0|16|1|0" startTime="0.8" endTime="2" startRot="0 0 0" endRot="0 0 42.898"/>
            <part node="0>3|0|0|16|1|0" startTime="2" endTime="8" startRot="0 0 42.898" endRot="0 0 111.11"/>
            <part node="0>3|0|0|9|0" startTime="0.8" endTime="8" startRot="0 90 0" endRot="50 90 0"/>
        </animation>
        <animation name="moveSupport">
            <part startTime="0.0" endTime="0.15" componentJointIndex="2" startRotLimit="20 0 0" endRotLimit="0 0 0"/>
        </animation>
        <animation name="toggleCover">
            <part node="0>3|0|0|5|0" startTime="0" endTime="0.05" visibility="true"/>
            <part node="0>3|0|0|5|1" startTime="0" endTime="0.05" visibility="false"/>
            <part node="0>3|0|0|5|0" startTime="0.05" endTime="0.1" visibility="false"/>
            <part node="0>3|0|0|5|1" startTime="0.05" endTime="0.1" visibility="true"/>
        </animation>
    </animations>
    <cylindered>
        <movingTools>
            <movingTool node="0>3" playSound="true">
                <dependentPart node="0>2|0"/>
            </movingTool>
            <movingTool node="0>3|0" playSound="true">
                <dependentPart node="0>2|0"/>
            </movingTool>
        </movingTools>
        <movingParts isActiveDirtyTimeOffset="2">
            <movingPart node="0>2|0" referencePoint="0>3|0|0|3" referenceFrame="0>2|1" limitedAxis="3">
                <dependentPart node="0>2|0|0"/>
            </movingPart>
            <movingPart node="0>2|0|0" referencePoint="0>3|0|0|3" referenceFrame="0>2|1" limitedAxis="1">
                <translatingPart node="0>2|0|0|0"/>
                <translatingPart node="0>2|0|0|0|0"/>
                <translatingPart node="0>2|0|0|0|0|0"/>
            </movingPart>
            <movingPart node="1>3" referencePoint="2>1" referenceFrame="2>1" isActiveDirty="true" scaleZ="true"/>
            <movingPart node="0>2|8|0" referencePoint="0>3|0|0|18" referenceFrame="0>3|0|0|18" isActiveDirty="true" scaleZ="false"/>
            <movingPart node="0>3|0|0|16|0|1" referencePoint="0>2|8|0|0" referenceFrame="0>2|8|0|0" isActiveDirty="true" scaleZ="true"/>
            <movingPart node="0>3|0|0|16|1|1" referencePoint="0>2|8|0|1" referenceFrame="0>2|8|0|1" isActiveDirty="true" scaleZ="true"/>
            <movingPart node="0>0|1" referencePoint="0>1|1" referenceFrame="0>1|1" isActiveDirty="true"/>
            <movingPart node="1>0|1" referencePoint="1>1|1" referenceFrame="1>1|1" isActiveDirty="true"/>
        </movingParts>
        <sounds>
            <hydraulic template="DEFAULT_HYDRAULIC_SOUND" linkNode="0>"/>
        </sounds>
    </cylindered>
    <fillUnit>
        <fillUnitConfigurations>
            <fillUnitConfiguration name="$l10n_configuration_valueTrailer0L" price="0">
                <fillUnits>
                    <fillUnit unit="$l10n_unit_literShort" fillTypeCategories="bulk" capacity="500"/>
                </fillUnits>
                <objectChange node="0>3|0|0|0|0" visibilityActive="false"/>
                <objectChange node="0>3|0|0|0|0|0" compoundChildActive="false"/>
                <objectChange node="0>3|0|0|0|1|0" compoundChildActive="false"/>
                <objectChange node="0>3|0|0|1|0|0" compoundChildActive="false"/>
                <objectChange node="0>3|0|0|1|1|0" compoundChildActive="false"/>
                <objectChange node="0>3|0|0|15|3" compoundChildActive="false"/>
                <objectChange node="0>3|0|0|15|4" compoundChildActive="false"/>
                <objectChange node="0>3|0|0|15|5" compoundChildActive="false"/>
                <objectChange node="0>3|0|0|15|6" compoundChildActive="false"/>
                <objectChange node="0>3|0|0|15|7" compoundChildActive="false"/>
                <objectChange node="0>3|0|0|15|8" compoundChildActive="false"/>
            </fillUnitConfiguration>
            <fillUnitConfiguration name="$l10n_configuration_capacityX" price="0" params="11000">
                <fillUnits>
                    <fillUnit unit="$l10n_unit_literShort" fillTypeCategories="bulk" capacity="11000">
                        <exactFillRootNode node="0>3|0|0|6"/>
                        <autoAimTargetNode node="0>3|0|0|7" startZ="2.4" endZ="-2.4" invert="false" fillUnitIndex="1" startPercentage="25"/>
                    </fillUnit>
                </fillUnits>
                <objectChange node="0>3|0|0|15|3" compoundChildActive="false"/>
                <objectChange node="0>3|0|0|15|4" compoundChildActive="false"/>
                <objectChange node="0>3|0|0|15|5" compoundChildActive="false"/>
                <objectChange node="0>3|0|0|15|6" compoundChildActive="false"/>
                <objectChange node="0>3|0|0|15|7" compoundChildActive="false"/>
                <objectChange node="0>3|0|0|15|8" compoundChildActive="false"/>
            </fillUnitConfiguration>
            <fillUnitConfiguration name="$l10n_configuration_capacityX" price="500" params="15000">
                <fillUnits>
                    <fillUnit unit="$l10n_unit_literShort" fillTypeCategories="bulk" capacity="15000">
                        <exactFillRootNode node="0>3|0|0|4|3"/>
                        <autoAimTargetNode node="0>3|0|0|4|2" startZ="2.4" endZ="-2.4" invert="false" fillUnitIndex="1" startPercentage="25"/>
                    </fillUnit>
                </fillUnits>
                <objectChange node="0>3|0|0|19|0" visibilityActive="true"/>
                <objectChange node="0>3|0|0|15|7" compoundChildActive="false"/>
                <objectChange node="0>3|0|0|15|8" compoundChildActive="false"/>
            </fillUnitConfiguration>
            <fillUnitConfiguration name="$l10n_configuration_capacityX" price="200" params="14000">
                <fillUnits>
                    <fillUnit unit="$l10n_unit_literShort" fillTypeCategories="bulk" capacity="14000">
                        <exactFillRootNode node="0>3|0|0|4|3"/>
                        <autoAimTargetNode node="0>3|0|0|4|2" startZ="2.4" endZ="-2.4" invert="false" fillUnitIndex="1" startPercentage="25"/>
                    </fillUnit>
                </fillUnits>
                <objectChange node="0>3|0|0|19|1" visibilityActive="true"/>
                <objectChange node="0>3|0|0|15|3" compoundChildActive="false"/>
                <objectChange node="0>3|0|0|15|4" compoundChildActive="false"/>
            </fillUnitConfiguration>
        </fillUnitConfigurations>
    </fillUnit>
    <fillVolume>
        <fillVolumeConfigurations>
            <fillVolumeConfiguration/>
            <fillVolumeConfiguration>
                <volumes>
                    <volume node="0>3|0|0|4|0" maxDelta="0.12" maxAllowedHeapAngle="15" fillUnitIndex="1"/>
                </volumes>
            </fillVolumeConfiguration>
            <fillVolumeConfiguration>
                <volumes>
                    <volume node="0>3|0|0|4|1" maxDelta="0.12" maxAllowedHeapAngle="15" fillUnitIndex="1"/>
                </volumes>
            </fillVolumeConfiguration>
            <fillVolumeConfiguration>
                <volumes>
                    <volume node="0>3|0|0|4|4" maxDelta="0.12" maxAllowedHeapAngle="15" fillUnitIndex="1"/>
                </volumes>
            </fillVolumeConfiguration>
        </fillVolumeConfigurations>
        <unloadInfos>
            <unloadInfo>
                <node node="0>3|0|0|12|5" width="1.0" length="1.5"/>
            </unloadInfo>
            <unloadInfo>
                <node node="0>3|0|0|12|4" width="1.0" length="4.5"/>
            </unloadInfo>
        </unloadInfos>
        <heightNodes>
            <heightNode>
                <refNode node="0>3|0|0|12|0"/>
                <refNode node="0>3|0|0|12|1"/>
                <node node="0>3|0|0|8|0" baseScale="1 1 1" transAxis="0 0.8 0" transMax="0 0.36 0"/>
            </heightNode>
            <heightNode>
                <refNode node="0>3|0|0|12|2"/>
                <refNode node="0>3|0|0|12|3"/>
                <node node="0>3|0|0|9|0" baseScale="1 1 1" transAxis="0 0.8 0" transMax="0 0.36 0"/>
            </heightNode>
        </heightNodes>
    </fillVolume>
    <dischargeable>
        <dischargeNode node="0>2|3|0" emptySpeed="770" fillUnitIndex="1" unloadInfoIndex="1">
            <info width="4" length="0.5"/>
            <effects>
                <effectNode effectNode="0>3|0|0|8|0|0" materialType="unloading" materialTypeId="1" fadeTime="0.7" extraDistanceNode="0>2|3|0" extraDistance="0.2"/>
                <effectNode effectNode="0>3|0|0|8|0|1" materialType="smoke" materialTypeId="1" fadeTime="0.7"/>
            </effects>
        </dischargeNode>
        <dischargeNode node="0>2|3|1" emptySpeed="770" fillUnitIndex="1" unloadInfoIndex="2">
            <info width="4" length="0.5"/>
            <effects>
                <effectNode effectNode="0>3|0|0|9|0|0" materialType="unloading" materialTypeId="1" fadeTime="0.7" extraDistanceNode="0>2|3|1" extraDistance="0.2"/>
                <effectNode effectNode="0>3|0|0|9|0|1" materialType="smoke" materialTypeId="1" fadeTime="0.7"/>
            </effects>
        </dischargeNode>
    </dischargeable>
    <trailer>
        <trailerConfigurations>
            <trailerConfiguration/>
            <trailerConfiguration>
                <trailer>
                    <tipSide name="$l10n_info_tipSideLeft" dischargeNodeIndex="1">
                        <animation name="tipAnimationLeft" speedScale="1" startTipTime="0.16"/>
                    </tipSide>
                    <tipSide name="$l10n_info_tipSideRight" dischargeNodeIndex="2">
                        <animation name="tipAnimationRight" speedScale="1" startTipTime="0.16"/>
                    </tipSide>
                </trailer>
            </trailerConfiguration>
        </trailerConfigurations>
    </trailer>
    <tensionBelts>
        <tensionBeltsConfigurations>
            <tensionBeltsConfiguration/>
            <tensionBeltsConfiguration>
                <tensionBelts linkNode="0>3|0|0|20" jointNode="0>" width="0.075" maxEdgeLength="0.1" geometryBias="0.01" ratchetPosition="0.2" defaultOffset="0.1" defaultOffsetSide="0.1" defaultHeight="4" activationTrigger="0>3|0|0|20|5">
                    <tensionBelt startNode="0>3|0|0|20|0" endNode="0>3|0|0|20|0|0" offsetLeft="0.2"/>
                    <tensionBelt startNode="0>3|0|0|20|1" endNode="0>3|0|0|20|1|0"/>
                    <tensionBelt startNode="0>3|0|0|20|2" endNode="0>3|0|0|20|2|0"/>
                    <tensionBelt startNode="0>3|0|0|20|3" endNode="0>3|0|0|20|3|0"/>
                    <tensionBelt startNode="0>3|0|0|20|4" endNode="0>3|0|0|20|4|0" offsetRight="0.2"/>
                </tensionBelts>
            </tensionBeltsConfiguration>
        </tensionBeltsConfigurations>
    </tensionBelts>
    <cover>
        <coverConfigurations>
            <coverConfiguration name="$l10n_configuration_valueNo" price="0">
                <objectChange node="0>3|0|0|5" visibilityActive="false"/>
            </coverConfiguration>
            <coverConfiguration name="$l10n_configuration_valueYes" price="500" openCoverWhileTipping="true">
                <cover openAnimation="toggleCover" fillUnitIndices="1"/>
                <objectChange node="0>3|0|0|5" visibilityActive="true"/>
            </coverConfiguration>
        </coverConfigurations>
    </cover>
    <foliageBending>
        <bendingNode minX="-1.2" maxX="1.2" minZ="-2.3" maxZ="2.8" yOffset="0.6"/>
    </foliageBending>
    <wearable wearDuration="480" workMultiplier="5" fieldMultiplier="2"/>
    <washable dirtDuration="90" washDuration="1" workMultiplier="3" fieldMultiplier="2"/>
</vehicle>
