﻿<?xml version="1.0" encoding="utf-8" standalone="no"?>
<vehicle type="trailer">
    <annotation>aaa modding</annotation>
    <storeData>
        <name>            <en>HW-80.11 SHA 8</en>
        </name>
        <functions>
            <function>$l10n_function_tipper</function>
        </functions>
        <image>Store_HW_804.png</image>
        <price>5957</price>
        <lifetime>600</lifetime>
        <rotation>0</rotation>
        <brand>FORTSCHRITT</brand>
        <category>trailers</category>
        <vertexBufferMemoryUsage>1640080</vertexBufferMemoryUsage>
        <indexBufferMemoryUsage>282516</indexBufferMemoryUsage>
        <textureMemoryUsage>11643856</textureMemoryUsage>
        <instanceVertexBufferMemoryUsage>0</instanceVertexBufferMemoryUsage>
        <instanceIndexBufferMemoryUsage>0</instanceIndexBufferMemoryUsage>
    </storeData>
    <base>
        <typeDesc>$l10n_typeDesc_tipper</typeDesc>
        <filename>HW80/HW80PF18.i3d</filename>
        <size width="3" length="8" lengthOffset="0.0"/>
        <components>
            <component centerOfMass="0 0.6 -0.4" solverIterationCount="10" mass="1830"/>
            <component centerOfMass="0 0 0" solverIterationCount="10" mass="1300"/>
            <component solverIterationCount="10" mass="300"/>
            <joint component1="1" component2="2" node="0>5" rotLimit="0 120 0" transLimit="0 0 0"/>
            <joint component1="2" component2="3" node="1>4" rotLimit="0 0 0" transLimit="0 0 0"/>
        </components>
        <schemaOverlay attacherJointPosition="0 0">
            <default name="DEFAULT_IMPLEMENT"/>
            <selected name="DEFAULT_IMPLEMENT_SELECTED"/>
        </schemaOverlay>
    </base>
    <baseMaterial>
        <material name="HW80_mat1" baseNode="0>2|7|0">
            <shaderParameter name="colorMat0" material="6" value="0.2 0.3 0.4"/>
        </material>
        <material name="Vonoszerk_mat" baseNode="0>2|9">
            <shaderParameter name="colorMat0" material="6" value="0.2 0.3 0.4"/>
        </material>
        <material name="HW80_mat" baseNode="0>3|0|0|17|0">
            <shaderParameter name="colorMat0" material="6" value="0.2 0.3 0.4"/>
        </material>
        <material name="PF_18_mat" baseNode="0>3|0|0|17|1">
            <shaderParameter name="colorMat0" value="0.2 0.3 0.4"/>
        </material>
    </baseMaterial>
    <baseMaterialConfigurations useDefaultColors="true" defaultColorIndex="0" price="500">
        <baseMaterialConfiguration material="6" name="Grey" color="HW_GREY1"/>
        <baseMaterialConfiguration material="6" name="Grey1" color="HW_GREY2"/>
        <baseMaterialConfiguration material="6" name="Blue" color="HW_BLUE"/>
        <baseMaterialConfiguration material="6" name="Green1" color="FORTSCHRITT_GREEN"/>
        <baseMaterialConfiguration material="6" name="Green2" color="HW_GREEN"/>
        <baseMaterialConfiguration material="0" name="Green3" color="FARMTECH_GREEN1"/>
        <material name="HW80_mat" shaderParameter="colorMat0"/>
        <material name="PF_18_mat" shaderParameter="colorMat0"/>
    </baseMaterialConfigurations>
    <designMaterialConfigurations price="500" useDefaultColors="true" defaultColorIndex="0">
        <designMaterialConfiguration name="grey" color="HW_GREY1"/>
        <designMaterialConfiguration name="grey1" color="HW_GREY2"/>
        <designMaterialConfiguration name="blue" color="HW_BLUE"/>
        <designMaterialConfiguration name="Red" color="FORTSCHRITT_RED"/>
        <designMaterialConfiguration name="black" color="HW_DARK"/>
        <material name="HW80_mat1" shaderParameter="colorMat0"/>
        <material name="Vonoszerk_mat" shaderParameter="colorMat0"/>
    </designMaterialConfigurations>
    <rimColorConfigurations useDefaultColors="true">
        <rimColorConfiguration name="grey" color="HW_GREY1"/>
        <rimColorConfiguration name="grey1" color="HW_GREY2"/>
        <rimColorConfiguration name="Red" color="FORTSCHRITT_RED" material="6"/>
        <rimColorConfiguration name="black" color="HW_DARK"/>
        <rimColorConfiguration name="STAINLESS" color="0.6 0.6 0.6 1" material="8"/>
        <colorNode node="1>0"/>
    </rimColorConfigurations>
    <designConfigurations>
        <designConfiguration name="$l10n_configuration_valueDefault" price="1000"/>
        <designConfiguration name="$l10n_Left" price="300">
            <objectChange node="0>3|0|0|17|1|1" visibilityActive="false" visibilityInactive="true"/>
            <objectChange node="0>3|0|0|17|1|3|0" compoundChildActive="false"/>
        </designConfiguration>
        <designConfiguration name="$l10n_Right" price="300">
            <objectChange node="0>3|0|0|17|1|2" visibilityActive="false" visibilityInactive="true"/>
            <objectChange node="0>3|0|0|17|1|3|1" compoundChildActive="false"/>
        </designConfiguration>
    </designConfigurations>
    <wheels>
        <wheelConfigurations>
            <wheelConfiguration name="$l10n_configuration_valueDefault" price="1000">
                <wheels>
                    <wheel filename="Tires/HW_Wheels.xml" configId="u27" isLeft="true" hasTireTracks="true" hasParticles="true">
                        <physics tipOcclusionAreaGroupId="1" restLoad="0.7" repr="0>0" driveNode="0>0|0" forcePointRatio="0.2" initialCompression="25" suspTravel="0.15" spring="15" damper="20" transRatio="1"/>
                        <wheelChock parkingNode="0>2|4|0"/>
                        <wheelChock parkingNode="0>2|4|1" isInverted="true"/>
                    </wheel>
                    <wheel filename="Tires/HW_Wheels.xml" configId="u27" isLeft="false" hasTireTracks="true" hasParticles="true">
                        <physics tipOcclusionAreaGroupId="1" restLoad="0.7" repr="0>1" driveNode="0>1|0" forcePointRatio="0.2" initialCompression="25" suspTravel="0.15" spring="15" damper="20" transRatio="1"/>
                    </wheel>
                    <wheel filename="Tires/HW_Wheels.xml" configId="u27" isLeft="true" hasTireTracks="true" hasParticles="true">
                        <physics tipOcclusionAreaGroupId="1" restLoad="1.3" repr="1>0" driveNode="1>0|0" forcePointRatio="0.3" initialCompression="25" suspTravel="0.15" spring="30" damper="20" transRatio="1"/>
                    </wheel>
                    <wheel filename="Tires/HW_Wheels.xml" configId="u27" isLeft="false" hasTireTracks="true" hasParticles="true">
                        <physics tipOcclusionAreaGroupId="1" restLoad="1.3" repr="1>1" driveNode="1>1|0" forcePointRatio="0.3" initialCompression="25" suspTravel="0.15" spring="30" damper="20" transRatio="1"/>
                    </wheel>
                </wheels>
            </wheelConfiguration>
            <wheelConfiguration name="T 16/70R20" price="1500" icon="$dataS2/menu/hud/configurations/config_wheel_broad.png">
                <wheels>
                    <wheel filename="Tires/HW_Wheels.xml" configId="tau" isLeft="true" hasTireTracks="true" hasParticles="true">
                        <physics tipOcclusionAreaGroupId="1" restLoad="0.7" repr="0>0" driveNode="0>0|0" forcePointRatio="0.2" initialCompression="25" suspTravel="0.15" spring="15" damper="20" transRatio="1"/>
                        <wheelChock parkingNode="0>2|4|0"/>
                        <wheelChock parkingNode="0>2|4|1" isInverted="true"/>
                    </wheel>
                    <wheel filename="Tires/HW_Wheels.xml" configId="tau" isLeft="false" hasTireTracks="true" hasParticles="true">
                        <physics tipOcclusionAreaGroupId="1" restLoad="0.7" repr="0>1" driveNode="0>1|0" forcePointRatio="0.2" initialCompression="25" suspTravel="0.15" spring="15" damper="20" transRatio="1"/>
                    </wheel>
                    <wheel filename="Tires/HW_Wheels.xml" configId="tau" isLeft="true" hasTireTracks="true" hasParticles="true">
                        <physics tipOcclusionAreaGroupId="1" restLoad="1.3" repr="1>0" driveNode="1>0|0" forcePointRatio="0.3" initialCompression="25" suspTravel="0.15" spring="30" damper="20" transRatio="1"/>
                    </wheel>
                    <wheel filename="Tires/HW_Wheels.xml" configId="tau" isLeft="false" hasTireTracks="true" hasParticles="true">
                        <physics tipOcclusionAreaGroupId="1" restLoad="1.3" repr="1>1" driveNode="1>1|0" forcePointRatio="0.3" initialCompression="25" suspTravel="0.15" spring="30" damper="20" transRatio="1"/>
                    </wheel>
                </wheels>
            </wheelConfiguration>
            <wheelConfiguration name="P 16/70R20 L60" price="1500" icon="$dataS2/menu/hud/configurations/config_wheel_broad.png">
                <wheels>
                    <wheel filename="Tires/HW_Wheels.xml" configId="l60" isLeft="true" hasTireTracks="true" hasParticles="true">
                        <physics tipOcclusionAreaGroupId="1" restLoad="0.7" repr="0>0" driveNode="0>0|0" forcePointRatio="0.2" initialCompression="25" suspTravel="0.15" spring="15" damper="20" transRatio="1"/>
                        <wheelChock parkingNode="0>2|4|0"/>
                        <wheelChock parkingNode="0>2|4|1" isInverted="true"/>
                    </wheel>
                    <wheel filename="Tires/HW_Wheels.xml" configId="l60" isLeft="false" hasTireTracks="true" hasParticles="true">
                        <physics tipOcclusionAreaGroupId="1" restLoad="0.7" repr="0>1" driveNode="0>1|0" forcePointRatio="0.2" initialCompression="25" suspTravel="0.15" spring="15" damper="20" transRatio="1"/>
                    </wheel>
                    <wheel filename="Tires/HW_Wheels.xml" configId="l60" isLeft="true" hasTireTracks="true" hasParticles="true">
                        <physics tipOcclusionAreaGroupId="1" restLoad="1.3" repr="1>0" driveNode="1>0|0" forcePointRatio="0.3" initialCompression="25" suspTravel="0.15" spring="30" damper="20" transRatio="1"/>
                    </wheel>
                    <wheel filename="Tires/HW_Wheels.xml" configId="l60" isLeft="false" hasTireTracks="true" hasParticles="true">
                        <physics tipOcclusionAreaGroupId="1" restLoad="1.3" repr="1>1" driveNode="1>1|0" forcePointRatio="0.3" initialCompression="25" suspTravel="0.15" spring="30" damper="20" transRatio="1"/>
                    </wheel>
                </wheels>
            </wheelConfiguration>
            <wheelConfiguration name="P 16/70R20" price="1300" icon="$dataS2/menu/hud/configurations/config_wheel_broad.png">
                <wheels>
                    <wheel filename="Tires/HW_Wheels.xml" configId="r20" isLeft="true" hasTireTracks="true" hasParticles="true">
                        <physics tipOcclusionAreaGroupId="1" restLoad="0.7" repr="0>0" driveNode="0>0|0" forcePointRatio="0.2" initialCompression="25" suspTravel="0.15" spring="15" damper="20" transRatio="1"/>
                        <wheelChock parkingNode="0>2|4|0"/>
                        <wheelChock parkingNode="0>2|4|1" isInverted="true"/>
                    </wheel>
                    <wheel filename="Tires/HW_Wheels.xml" configId="r20" isLeft="false" hasTireTracks="true" hasParticles="true">
                        <physics tipOcclusionAreaGroupId="1" restLoad="0.7" repr="0>1" driveNode="0>1|0" forcePointRatio="0.2" initialCompression="25" suspTravel="0.15" spring="15" damper="20" transRatio="1"/>
                    </wheel>
                    <wheel filename="Tires/HW_Wheels.xml" configId="r20" isLeft="true" hasTireTracks="true" hasParticles="true">
                        <physics tipOcclusionAreaGroupId="1" restLoad="1.3" repr="1>0" driveNode="1>0|0" forcePointRatio="0.3" initialCompression="25" suspTravel="0.15" spring="30" damper="20" transRatio="1"/>
                    </wheel>
                    <wheel filename="Tires/HW_Wheels.xml" configId="r20" isLeft="false" hasTireTracks="true" hasParticles="true">
                        <physics tipOcclusionAreaGroupId="1" restLoad="1.3" repr="1>1" driveNode="1>1|0" forcePointRatio="0.3" initialCompression="25" suspTravel="0.15" spring="30" damper="20" transRatio="1"/>
                    </wheel>
                </wheels>
            </wheelConfiguration>
            <wheelConfiguration name="$l10n_configuration_valueWheelNarrow" price="2000" icon="$dataS2/menu/hud/configurations/config_wheel_broad.png">
                <wheels>
                    <wheel filename="Tires/HW_Wheels_Narrow.xml" isLeft="true" hasTireTracks="true" hasParticles="true">
                        <physics tipOcclusionAreaGroupId="1" restLoad="0.7" repr="0>0" driveNode="0>0|0" forcePointRatio="0.2" initialCompression="25" suspTravel="0.15" spring="15" damper="20" transRatio="1"/>
                        <wheelChock parkingNode="0>2|4|0"/>
                        <wheelChock parkingNode="0>2|4|1" isInverted="true"/>
                    </wheel>
                    <wheel filename="Tires/HW_Wheels_Narrow.xml" isLeft="false" hasTireTracks="true" hasParticles="true">
                        <physics tipOcclusionAreaGroupId="1" restLoad="0.7" repr="0>1" driveNode="0>1|0" forcePointRatio="0.2" initialCompression="25" suspTravel="0.15" spring="15" damper="20" transRatio="1"/>
                    </wheel>
                    <wheel filename="Tires/HW_Wheels_Narrow.xml" isLeft="true" hasTireTracks="true" hasParticles="true">
                        <physics tipOcclusionAreaGroupId="1" restLoad="1.3" repr="1>0" driveNode="1>0|0" forcePointRatio="0.3" initialCompression="25" suspTravel="0.15" spring="30" damper="20" transRatio="1"/>
                    </wheel>
                    <wheel filename="Tires/HW_Wheels_Narrow.xml" isLeft="false" hasTireTracks="true" hasParticles="true">
                        <physics tipOcclusionAreaGroupId="1" restLoad="1.3" repr="1>1" driveNode="1>1|0" forcePointRatio="0.3" initialCompression="25" suspTravel="0.15" spring="30" damper="20" transRatio="1"/>
                    </wheel>
                </wheels>
                <objectChange node="0>2|5|1" visibilityActive="true" visibilityInactive="false"/>
                <objectChange node="0>2|5|0" visibilityActive="false" visibilityInactive="true"/>
            </wheelConfiguration>
        </wheelConfigurations>
        <dynamicallyLoadedWheels>
            <dynamicallyLoadedWheel linkNode="0>2|5|1" filename="Tires/HW_Wheels_Narrow.xml" isLeft="true"/>
            <dynamicallyLoadedWheel linkNode="0>2|5|0" filename="Tires/HW_Wheels.xml" isLeft="true" configId="tau"/>
        </dynamicallyLoadedWheels>
    </wheels>
    <connectionHoses>
        <target attacherJointIndices="1 2 3" type="airDoubleRed" node="0>7|0" socket="air_red"/>
        <target attacherJointIndices="1 2 3" type="electric" node="0>7|2" socket="electric"/>
        <target attacherJointIndices="1 2 3" type="hydraulicIn" node="0>7|1" socket="hydraulic01"/>
        <hose inputAttacherJointIndices="1" type="airDoubleRed" node="2>4|1" length="1" diameter="0.025" straighteningFactor="0.5">
            <objectChange node="2>4|0" visibilityActive="false" visibilityInactive="true"/>
        </hose>
        <hose inputAttacherJointIndices="1" type="hydraulicIn" node="2>5|1" length="1" diameter="0.025" straighteningFactor="0.5">
            <objectChange node="2>5|0" visibilityActive="false" visibilityInactive="true"/>
        </hose>
        <hose inputAttacherJointIndices="1" type="electric" node="2>6|1" length="1" diameter="0.01" straighteningFactor="1.5">
            <objectChange node="2>6|0" visibilityActive="false" visibilityInactive="true"/>
        </hose>
    </connectionHoses>
    <attachable>
        <inputAttacherJoints>
            <inputAttacherJoint node="2>0" jointType="trailer" rootNode="2>" attacherHeight="0.874"/>
        </inputAttacherJoints>
        <brakeForce>0.44</brakeForce>
        <support animationName="moveSupport"/>
    </attachable>
    <attacherJoints>
        <attacherJoint node="0>4" jointType="trailer" lowerRotLimit="10 55 55" upperRotationOffset="0" allowsJointLimitMovement="false" canTurnOnImplement="false">
            <schema position="1 0" rotation="0" invertX="false"/>
        </attacherJoint>
        <sounds>
            <attach template="ATTACH_01" linkNode="0>"/>
        </sounds>
    </attacherJoints>
    <lights>
        <sharedLight linkNode="0>2|2|3|0" filename="$data/shared/assets/lights/lizard/rear3ChamberLight_01_left.xml"/>
        <sharedLight linkNode="0>2|2|3|1" filename="$data/shared/assets/lights/lizard/rear3ChamberLight_01_right.xml"/>
        <sharedLight linkNode="0>2|2|3|2" filename="$data/shared/assets/reflectors/lizard/redTriangle_01.xml"/>
        <sharedLight linkNode="0>2|2|3|3" filename="$data/shared/assets/reflectors/lizard/redTriangle_01.xml"/>
        <realLights>
            <high>
                <light node="0>2|2|1|1" lightTypes="0"/>
                <turnLightLeft node="0>2|2|2|0|1"/>
                <turnLightRight node="0>2|2|2|1|1"/>
                <brakeLight node="0>2|2|1|1"/>
            </high>
        </realLights>
        <defaultLights>
            <defaultLight shaderNode="0>3|0|0|14|0|0" lightTypes="0 3"/>
        </defaultLights>
    </lights>
    <animations>
        <animation name="tipAnimationLeft">
            <part node="0>3" startTime="0" endTime="8" startRot="0 0 0" endRot="0 0 -45"/>
            <part node="0>3|0|0|17|1" startTime="0" endTime="8" startRot="0 0 0" endRot="0 0 50"/>
            <part node="0>3|0|0|17|1|0" startTime="0" endTime="8" startRot="0 0 0" endRot="0 0 -70.543"/>
            <part node="0>3|0|0|17|4" startTime="0" endTime="8" startRot="0 0 0" endRot="0 0 -360"/>
            <part node="0>3|0|0|8|0" startTime="0.8" endTime="8" startRot="0 -90 0" endRot="50 -90 0"/>
        </animation>
        <animation name="moveSupport">
            <part startTime="0.0" endTime="0.15" componentJointIndex="2" startRotLimit="20 0 0" endRotLimit="0 0 0"/>
        </animation>
    </animations>
    <cylindered>
        <movingTools>
            <movingTool node="0>3" playSound="true">
                <dependentPart node="0>2|0"/>
            </movingTool>
            <movingTool node="0>3|0" playSound="true">
                <dependentPart node="0>2|0"/>
            </movingTool>
        </movingTools>
        <movingParts isActiveDirtyTimeOffset="2">
            <movingPart node="0>2|0" referencePoint="0>3|0|0|3" referenceFrame="0>2|1" limitedAxis="3">
                <dependentPart node="0>2|0|0"/>
            </movingPart>
            <movingPart node="0>2|0|0" referencePoint="0>3|0|0|3" referenceFrame="0>2|1" limitedAxis="1">
                <translatingPart node="0>2|0|0|0"/>
                <translatingPart node="0>2|0|0|0|0"/>
                <translatingPart node="0>2|0|0|0|0|0"/>
            </movingPart>
            <movingPart node="1>3" referencePoint="2>1" referenceFrame="2>1" isActiveDirty="true" scaleZ="true"/>
            <movingPart node="0>0|1" referencePoint="0>1|1" referenceFrame="0>1|1" isActiveDirty="true"/>
            <movingPart node="1>0|1" referencePoint="1>1|1" referenceFrame="1>1|1" isActiveDirty="true"/>
        </movingParts>
        <sounds>
            <hydraulic template="DEFAULT_HYDRAULIC_SOUND" linkNode="0>"/>
        </sounds>
    </cylindered>
    <fillUnit>
        <fillUnitConfigurations>
            <fillUnitConfiguration>
                <fillUnits>
                    <fillUnit unit="$l10n_unit_literShort" fillTypeCategories="SILAGETRAILER" capacity="18750">
                        <exactFillRootNode node="0>3|0|0|6"/>
                        <autoAimTargetNode node="0>3|0|0|7" startZ="1.7" endZ="-2" invert="true" fillUnitIndex="1" startPercentage="25"/>
                    </fillUnit>
                </fillUnits>
            </fillUnitConfiguration>
        </fillUnitConfigurations>
    </fillUnit>
    <fillVolume>
        <fillVolumeConfigurations>
            <fillVolumeConfiguration>
                <volumes>
                    <volume node="0>3|0|0|4|0" maxDelta="0.5" fillUnitIndex="1"/>
                </volumes>
            </fillVolumeConfiguration>
        </fillVolumeConfigurations>
        <unloadInfos>
            <unloadInfo fillVolumeIndex="1">
                <node node="0>3|0|0|12|0" width="2.5" length="3.6" minHeight="0.5"/>
                <node node="0>3|0|0|12|1" width="2.5" length="3.6" minHeight="0.5"/>
                <node node="0>3|0|0|12|2" width="2.0" length="2.6"/>
                <node node="0>3|0|0|12|3" width="2.0" length="2.6"/>
            </unloadInfo>
        </unloadInfos>
        <heightNodes>
            <heightNode>
                <refNode node="0>3|0|0|12|0"/>
                <refNode node="0>3|0|0|12|1"/>
                <node node="0>3|0|0|8|0" baseScale="1 1 1" transAxis="0 1.0 0" transMax="0 0.5 0"/>
            </heightNode>
        </heightNodes>
    </fillVolume>
    <trailer>
        <trailerConfigurations>
            <trailerConfiguration>
                <trailer>
                    <tipSide name="$l10n_info_tipSideLeft" dischargeNodeIndex="1">
                        <animation name="tipAnimationLeft" speedScale="1" startTipTime="0.12"/>
                    </tipSide>
                </trailer>
            </trailerConfiguration>
        </trailerConfigurations>
    </trailer>
    <dischargeable>
        <dischargeNode node="0>2|3|0" emptySpeed="765" fillUnitIndex="1" unloadInfoIndex="1">
            <info width="2.5" length="0.5"/>
            <effects>
                <effectNode effectNode="0>3|0|0|8|0|0" materialType="unloading" materialTypeId="1" fadeTime="0.8"/>
                <effectNode effectNode="0>3|0|0|8|0|1" materialType="smoke" materialTypeId="1" fadeTime="0.8"/>
                <effectNode effectNode="0>3|0|0|8|1|0" effectClass="ParticleEffect"/>
            </effects>
        </dischargeNode>
    </dischargeable>
    <ai>
        <allowTurnBackward value="false"/>
    </ai>
    <foliageBending>
        <bendingNode minX="-1.2" maxX="1.2" minZ="-2.3" maxZ="2.8" yOffset="0.6"/>
    </foliageBending>
    <wearable wearDuration="480" workMultiplier="5" fieldMultiplier="2"/>
    <washable dirtDuration="90" washDuration="1" workMultiplier="3" fieldMultiplier="2"/>
</vehicle>
